apparel_and_accessories,womens_apparel
apparel_and_accessories,mens_apparel
apparel_and_accessories,boys_apparel
apparel_and_accessories,girls_apparel
apparel_and_accessories,toddlers_apparel
apparel_and_accessories,newborn_apparel
apparel_and_accessories,jewelery
apparel_and_accessories,accessories
apparel_and_accessories,shoes
hardlines,video_games
hardlines,toys
hardlines,entertainment
hardlines,sporting_goods
hardlines,luggage
home_furnishings_and_decor,furniture
home_furnishings_and_decor,storage
home_furnishings_and_decor,kitcheware
home_furnishings_and_decor,bed_and_bath
home_furnishings_and_decor,home_improvement
home_furnishings_and_decor,home_decor
beauty_and_household_essentials,beauty_and_personal_care
beauty_and_household_essentials,baby_gear
beauty_and_household_essentials,cleaning
beauty_and_household_essentials,paper_products
beauty_and_household_essentials,pet_supplies
